Date_Key,Date,Year,Month,Month_Name,Quarter,Weekday
20260306,2026-03-06,2026,3,March,1,Friday
20260307,2026-03-07,2026,3,March,1,Saturday
20260302,2026-03-02,2026,3,March,1,Monday
20260222,2026-02-22,2026,2,February,1,Sunday
20260228,2026-02-28,2026,2,February,1,Saturday
20260224,2026-02-24,2026,2,February,1,Tuesday
20260213,2026-02-13,2026,2,February,1,Friday
20260216,2026-02-16,2026,2,February,1,Monday
20260227,2026-02-27,2026,2,February,1,Friday
20260221,2026-02-21,2026,2,February,1,Saturday
20260305,2026-03-05,2026,3,March,1,Thursday
20260211,2026-02-11,2026,2,February,1,Wednesday
20260226,2026-02-26,2026,2,February,1,Thursday
20260210,2026-02-10,2026,2,February,1,Tuesday
20260212,2026-02-12,2026,2,February,1,Thursday
20260220,2026-02-20,2026,2,February,1,Friday
20260208,2026-02-08,2026,2,February,1,Sunday
20260209,2026-02-09,2026,2,February,1,Monday
20260303,2026-03-03,2026,3,March,1,Tuesday
20260225,2026-02-25,2026,2,February,1,Wednesday
20260219,2026-02-19,2026,2,February,1,Thursday
20260223,2026-02-23,2026,2,February,1,Monday
20260308,2026-03-08,2026,3,March,1,Sunday
20260214,2026-02-14,2026,2,February,1,Saturday
20260301,2026-03-01,2026,3,March,1,Sunday
20260217,2026-02-17,2026,2,February,1,Tuesday
20260207,2026-02-07,2026,2,February,1,Saturday
20260304,2026-03-04,2026,3,March,1,Wednesday
20260215,2026-02-15,2026,2,February,1,Sunday
20260218,2026-02-18,2026,2,February,1,Wednesday
